{
  "portfolio": {
    "assets": [
      "GLD",
      "JPM",
      "QQQ",
      "SPY",
      "TLT"
    ],
    "weights": [
      0.15,
      0.15,
      0.2,
      0.3,
      0.2
    ],
    "summary": {
      "annualized_return": 0.10814192472676487,
      "annualized_volatility": 0.12996755954748823,
      "sharpe_ratio": 0.8320685954501701,
      "annualized_downside_vol": 0.09292328087814813,
      "sortino_ratio": 1.1637764369143746,
      "skewness": 0.28768300607444813,
      "excess_kurtosis": 7.49235299626511,
      "num_observations": 1254
    }
  },
  "statistics": {
    "portfolio_mean": 0.0004291346219316067,
    "portfolio_variance": 6.703002593146787e-05,
    "portfolio_std": 0.008187186692110292
  },
  "historical": {
    "hist_var_95": 0.012875807015717167,
    "hist_var_99": 0.0216606904313724,
    "hist_es_95": 0.018724268859357324,
    "hist_es_99": 0.02899573386096605
  },
  "parametric": {
    "param_var_95": 0.013037589103114833,
    "param_var_99": 0.018617109733634632,
    "param_es_95": 0.016458680225338647,
    "param_es_99": 0.02139147177450668
  },
  "monte_carlo": {
    "mc_var_95": 0.013087550979232431,
    "mc_var_99": 0.018633302468442782,
    "mc_es_95": 0.016471577174586804,
    "mc_es_99": 0.021277129281556402
  },
  "student_t_mc": {
    "t_var_95": 0.012597691644234533,
    "t_var_99": 0.020155883959860253,
    "t_es_95": 0.01738753900117266,
    "t_es_99": 0.025934327013088357,
    "t_dof": 4.579233102585807
  },
  "backtesting": {
    "parametric": {
      "breach_stats": {
        "total_observations": 1004,
        "num_breaches": 30,
        "breach_rate": 0.029880478087649404,
        "expected_breach_rate": 0.010000000000000009,
        "breach_ratio": 2.9880478087649376
      },
      "kupiec_test": {
        "lr_statistic": 26.16074889193166,
        "p_value": 3.1414352574810067e-07,
        "reject_h0": "True",
        "interpretation": "Model rejected \u2014 VaR estimates may be inadequate"
      }
    },
    "monte_carlo": {
      "breach_stats": {
        "total_observations": 1004,
        "num_breaches": 29,
        "breach_rate": 0.02888446215139442,
        "expected_breach_rate": 0.010000000000000009,
        "breach_ratio": 2.8884462151394397
      },
      "kupiec_test": {
        "lr_statistic": 23.965673381292248,
        "p_value": 9.806866591022256e-07,
        "reject_h0": "True",
        "interpretation": "Model rejected \u2014 VaR estimates may be inadequate"
      }
    }
  },
  "stress_testing": {
    "vol_shock": {
      "var_95_base": 0.013087550979232431,
      "var_95_stressed": 0.01868634547356771,
      "var_95_pct_change": 42.77954296582722,
      "var_99_base": 0.018633302468442782,
      "var_99_stressed": 0.026529222443159778,
      "var_99_pct_change": 42.375311558911605,
      "es_95_base": 0.016471577174586804,
      "es_95_stressed": 0.023472081214463685,
      "es_95_pct_change": 42.50050839501647,
      "es_99_base": 0.021277129281556402,
      "es_99_stressed": 0.030268158178830697,
      "es_99_pct_change": 42.25677617641758
    },
    "corr_stress": {
      "var_95_base": 0.013087550979232431,
      "var_95_stressed": 0.018438740950173216,
      "var_95_pct_change": 40.88763420621744,
      "var_99_base": 0.018633302468442782,
      "var_99_stressed": 0.026169090747391564,
      "var_99_pct_change": 40.44258011542149,
      "es_95_base": 0.016471577174586804,
      "es_95_stressed": 0.023222269870968773,
      "es_95_pct_change": 40.98388772871904,
      "es_99_base": 0.021277129281556402,
      "es_99_stressed": 0.03000597357315837,
      "es_99_pct_change": 41.024539429613604
    }
  }
}