{
  "portfolio": {
    "assets": [
      "GLD",
      "JPM",
      "QQQ",
      "SPY",
      "TLT"
    ],
    "weights": [
      0.3,
      0.2,
      0.15,
      0.2,
      0.15
    ],
    "summary": {
      "annualized_return": 0.12573671973470088,
      "annualized_volatility": 0.12060409218066151,
      "sharpe_ratio": 1.0425576567198966,
      "num_observations": 1254
    }
  },
  "statistics": {
    "portfolio_mean": 0.0004989552370424639,
    "portfolio_variance": 5.771963115365674e-05,
    "portfolio_std": 0.0075973436906366645
  },
  "historical": {
    "hist_var_95": 0.011725261837397477,
    "hist_var_99": 0.01985325020778298,
    "hist_es_95": 0.01710090911293715,
    "hist_es_99": 0.026307844075497258
  },
  "parametric": {
    "param_var_95": 0.011997563087698136,
    "param_var_99": 0.017175109106027736,
    "param_es_95": 0.01517218289666952,
    "param_es_99": 0.01974959320409686
  },
  "monte_carlo": {
    "mc_var_95": 0.012007387903007679,
    "mc_var_99": 0.01732340862546981,
    "mc_es_95": 0.01520016017433099,
    "mc_es_99": 0.01962832276710587
  },
  "backtesting": {
    "breach_stats": {
      "total_observations": 1004,
      "num_breaches": 26,
      "breach_rate": 0.025896414342629483,
      "expected_breach_rate": 0.010000000000000009,
      "breach_ratio": 2.589641434262946
    },
    "kupiec_test": {
      "lr_statistic": 17.816662260686968,
      "p_value": 2.4324378526952017e-05,
      "reject_h0": "True",
      "interpretation": "Model rejected \u2014 VaR estimates may be inadequate"
    }
  },
  "stress_testing": {
    "vol_shock": {
      "var_95_base": 0.012007387903007679,
      "var_95_stressed": 0.017187684847308166,
      "var_95_pct_change": 43.14258010272907,
      "var_99_base": 0.01732340862546981,
      "var_99_stressed": 0.024705673450870536,
      "var_99_pct_change": 42.614389494610904,
      "es_95_base": 0.01520016017433099,
      "es_95_stressed": 0.021702946694982343,
      "es_95_pct_change": 42.78103945005016,
      "es_99_base": 0.01962832276710587,
      "es_99_stressed": 0.027965314290077786,
      "es_99_pct_change": 42.474294018353255
    },
    "corr_stress": {
      "var_95_base": 0.012007387903007679,
      "var_95_stressed": 0.01830180403814716,
      "var_95_pct_change": 52.421194234616344,
      "var_99_base": 0.01732340862546981,
      "var_99_stressed": 0.025965458730084226,
      "var_99_pct_change": 49.88654537599724,
      "es_95_base": 0.01520016017433099,
      "es_95_stressed": 0.023039685218087323,
      "es_95_pct_change": 51.575279167091914,
      "es_99_base": 0.01962832276710587,
      "es_99_stressed": 0.02982231906565476,
      "es_99_pct_change": 51.93513689122997
    }
  }
}