Model,95% VaR,99% VaR,95% ES,99% ES
Historical,0.011725261837397477,0.01985325020778298,0.01710090911293715,0.026307844075497258
Parametric,0.011997563087698136,0.017175109106027736,0.01517218289666952,0.01974959320409686
Monte Carlo (Gaussian),0.012007387903007679,0.01732340862546981,0.01520016017433099,0.01962832276710587
"Monte Carlo (Student-t, ν=4.7)",0.01155375714935907,0.01853802950380858,0.016056322505808653,0.023665356546513416
